name,time,count
trade,1577215200000000000,3
trade,1577215800000000000,1
trade,1577216400000000000,2
trade,1577217000000000000,35
trade,1577217600000000000,17
trade,1577218200000000000,8
trade,1577218800000000000,1
trade,1577219400000000000,2
trade,1577220000000000000,2
trade,1577220600000000000,7
trade,1577221200000000000,6
trade,1577221800000000000,4
trade,1577222400000000000,2
trade,1577223000000000000,3
trade,1577223600000000000,5
trade,1577224200000000000,0
trade,1577224800000000000,18
trade,1577225400000000000,10
trade,1577226000000000000,4
trade,1577226600000000000,1
trade,1577227200000000000,27
trade,1577227800000000000,12
trade,1577228400000000000,5
trade,1577229000000000000,0
trade,1577229600000000000,5
trade,1577230200000000000,0
trade,1577230800000000000,5
trade,1577231400000000000,0
trade,1577232000000000000,2
trade,1577232600000000000,1
trade,1577233200000000000,1
trade,1577233800000000000,1
trade,1577234400000000000,0
trade,1577235000000000000,2
trade,1577235600000000000,28
trade,1577236200000000000,2
trade,1577236800000000000,2
trade,1577237400000000000,3
trade,1577238000000000000,2
trade,1577238600000000000,4
trade,1577239200000000000,1
trade,1577239800000000000,5
trade,1577240400000000000,1
trade,1577241000000000000,3
trade,1577241600000000000,1
trade,1577242200000000000,0
trade,1577242800000000000,5
trade,1577243400000000000,4
trade,1577244000000000000,0
trade,1577244600000000000,1
trade,1577245200000000000,3
trade,1577245800000000000,3
trade,1577246400000000000,1
trade,1577247000000000000,2
trade,1577247600000000000,1
trade,1577248200000000000,1
trade,1577248800000000000,1
trade,1577249400000000000,2
trade,1577250000000000000,1
trade,1577250600000000000,2
trade,1577251200000000000,1
trade,1577251800000000000,1
trade,1577252400000000000,2
trade,1577253000000000000,0
trade,1577253600000000000,1
trade,1577254200000000000,2
trade,1577254800000000000,2
trade,1577255400000000000,24
trade,1577256000000000000,1
trade,1577256600000000000,1
trade,1577257200000000000,2
trade,1577257800000000000,0
trade,1577258400000000000,1
trade,1577259000000000000,3
trade,1577259600000000000,2
trade,1577260200000000000,0
trade,1577260800000000000,0
trade,1577261400000000000,1
trade,1577262000000000000,1
trade,1577262600000000000,0
trade,1577263200000000000,2
trade,1577263800000000000,0
trade,1577264400000000000,0
trade,1577265000000000000,3
trade,1577265600000000000,2
trade,1577266200000000000,5
trade,1577266800000000000,0
trade,1577267400000000000,0
trade,1577268000000000000,1
trade,1577268600000000000,1
trade,1577269200000000000,0
trade,1577269800000000000,5
trade,1577270400000000000,16
trade,1577271000000000000,4
trade,1577271600000000000,6
trade,1577272200000000000,2
trade,1577272800000000000,2
trade,1577273400000000000,0
trade,1577274000000000000,0
trade,1577274600000000000,3
trade,1577275200000000000,20
trade,1577275800000000000,2
trade,1577276400000000000,3
trade,1577277000000000000,1
trade,1577277600000000000,0
trade,1577278200000000000,1
trade,1577278800000000000,3
trade,1577279400000000000,0
trade,1577280000000000000,0
trade,1577280600000000000,0
trade,1577281200000000000,1
trade,1577281800000000000,1
trade,1577282400000000000,3
trade,1577283000000000000,2
trade,1577283600000000000,2
trade,1577284200000000000,1
trade,1577284800000000000,5
trade,1577285400000000000,0
trade,1577286000000000000,3
trade,1577286600000000000,6
trade,1577287200000000000,6
trade,1577287800000000000,1
trade,1577288400000000000,2
trade,1577289000000000000,1
trade,1577289600000000000,0
